observation_id,site_id,site_label,image_date,observed_spacing_m,measurement_method,manual_spacing_m,wiggle_spacing_m,has_manual,has_wiggle,latitude,longitude,observation_time_utc,representative_u10_mps,depth_m,fetch_m,pattern_lifetime_s,pattern_reset_time,pattern_reset_event_count,pattern_reset_causes,wind_direction_deg,forcing_mode,matched_cache_file,lookback_hours,onset_only,visible_spacing_multiplier,max_visible_mergers,max_visible_aspect_ratio,max_cell_aspect_ratio,drag_method,drift_method,proxy_notes
obs_001,taihu,Taihu Lake,2017-08-17,369.5447048,wiggle,,369.5447048,False,True,31.29812,120.01688,2017-08-17 02:30:00+00:00,1.4249999999999998,2.0,30000.0,0.0,2017-08-17 02:30:00+00:00,7,low_wind_shutdown,198.43855751721043,era5_cache_matched,data/raw/era5_cache/31p298_120p017_20170807_20170817.json,6.0,False,1.0,3,300.0,12.0,coare35,webb_fox_kemper,Hourly ERA5/Open-Meteo cache matched to observation date and location. Overpass assumed 10:30 local with an interpolated sample at the overpass time.
obs_002,prairie,Prairie Lakes,2017-09-11,54.51738712,wiggle,,54.51738712,False,True,48.01353,-98.95995,2017-09-11 16:30:00+00:00,1.455,3.5,12000.0,0.0,2017-09-11 16:30:00+00:00,5,low_wind_shutdown,313.608470418489,era5_cache_matched,data/raw/era5_cache/48p014_98p960_20170901_20170911.json,6.0,False,1.0,3,300.0,12.0,coare35,webb_fox_kemper,Hourly ERA5/Open-Meteo cache matched to observation date and location. Overpass assumed 10:30 local with an interpolated sample at the overpass time.
obs_003,prairie,Prairie Lakes,2017-10-13,76.20806952,manual,76.20806952,,True,False,48.01062,-98.98725,2017-10-13 16:30:00+00:00,1.9449999999999998,3.5,12000.0,0.0,2017-10-13 16:30:00+00:00,1,low_wind_shutdown,282.16196974269656,era5_cache_matched,data/raw/era5_cache/48p011_98p987_20171003_20171013.json,6.0,False,1.0,3,300.0,12.0,coare35,webb_fox_kemper,Hourly ERA5/Open-Meteo cache matched to observation date and location. Overpass assumed 10:30 local with an interpolated sample at the overpass time.
obs_004,taihu,Taihu Lake,2018-04-19,71.61642828,manual,71.61642828,97.85781439,True,True,31.33429,120.02349,2018-04-19 02:30:00+00:00,3.2199999999999998,2.0,30000.0,19800.0,,0,,136.50621133777418,era5_cache_matched,data/raw/era5_cache/31p334_120p023_20180409_20180419.json,6.0,False,1.0,3,300.0,12.0,coare35,webb_fox_kemper,Hourly ERA5/Open-Meteo cache matched to observation date and location. Overpass assumed 10:30 local with an interpolated sample at the overpass time.
obs_005,taihu,Taihu Lake,2018-04-19,40.44183062,manual,40.44183062,188.5792208,True,True,31.36481,119.99809,2018-04-19 02:30:00+00:00,3.2199999999999998,2.0,30000.0,19800.0,,0,,136.50621133777418,era5_cache_matched,data/raw/era5_cache/31p365_119p998_20180409_20180419.json,6.0,False,1.0,3,300.0,12.0,coare35,webb_fox_kemper,Hourly ERA5/Open-Meteo cache matched to observation date and location. Overpass assumed 10:30 local with an interpolated sample at the overpass time.
obs_006,taihu,Taihu Lake,2018-04-19,125.3438923,wiggle,,125.3438923,False,True,31.18315,120.29864,2018-04-19 02:30:00+00:00,2.5250000000000004,2.0,30000.0,19800.0,,0,,146.4732666500488,era5_cache_matched,data/raw/era5_cache/31p183_120p299_20180409_20180419.json,6.0,False,1.0,3,300.0,12.0,coare35,webb_fox_kemper,Hourly ERA5/Open-Meteo cache matched to observation date and location. Overpass assumed 10:30 local with an interpolated sample at the overpass time.
obs_007,taihu,Taihu Lake,2018-04-29,126.24514,wiggle,,126.24514,False,True,31.36351,120.12623,2018-04-29 02:30:00+00:00,2.665,2.0,30000.0,5400.0,2018-04-29 01:00:00+00:00,1,direction_change,185.0732376324679,era5_cache_matched,data/raw/era5_cache/31p364_120p126_20180419_20180429.json,6.0,False,1.0,3,300.0,12.0,coare35,webb_fox_kemper,Hourly ERA5/Open-Meteo cache matched to observation date and location. Overpass assumed 10:30 local with an interpolated sample at the overpass time.
obs_008,taihu,Taihu Lake,2018-05-09,110.7985895,wiggle,,110.7985895,False,True,31.36066,120.13631,2018-05-09 02:30:00+00:00,1.625,2.0,30000.0,0.0,2018-05-09 02:30:00+00:00,2,low_wind_shutdown,55.88302957334861,era5_cache_matched,data/raw/era5_cache/31p361_120p136_20180429_20180509.json,6.0,False,1.0,3,300.0,12.0,coare35,webb_fox_kemper,Hourly ERA5/Open-Meteo cache matched to observation date and location. Overpass assumed 10:30 local with an interpolated sample at the overpass time.
obs_009,taihu,Taihu Lake,2018-06-13,157.9727524,wiggle,,157.9727524,False,True,31.36396,120.02993,2018-06-13 02:30:00+00:00,2.5149999999999997,2.0,30000.0,5400.0,2018-06-13 01:00:00+00:00,4,low_wind_shutdown,162.81304599683074,era5_cache_matched,data/raw/era5_cache/31p364_120p030_20180603_20180613.json,6.0,False,1.0,3,300.0,12.0,coare35,webb_fox_kemper,Hourly ERA5/Open-Meteo cache matched to observation date and location. Overpass assumed 10:30 local with an interpolated sample at the overpass time.
obs_010,taihu,Taihu Lake,2018-06-13,108.120343,wiggle,,108.120343,False,True,31.3619,120.09194,2018-06-13 02:30:00+00:00,2.5149999999999997,2.0,30000.0,5400.0,2018-06-13 01:00:00+00:00,4,low_wind_shutdown,162.81304599683074,era5_cache_matched,data/raw/era5_cache/31p362_120p092_20180603_20180613.json,6.0,False,1.0,3,300.0,12.0,coare35,webb_fox_kemper,Hourly ERA5/Open-Meteo cache matched to observation date and location. Overpass assumed 10:30 local with an interpolated sample at the overpass time.
obs_011,taihu,Taihu Lake,2018-06-13,75.59410319,wiggle,,75.59410319,False,True,31.27784,120.22257,2018-06-13 02:30:00+00:00,3.16,2.0,30000.0,19800.0,,0,,174.52373477836284,era5_cache_matched,data/raw/era5_cache/31p278_120p223_20180603_20180613.json,6.0,False,1.0,3,300.0,12.0,coare35,webb_fox_kemper,Hourly ERA5/Open-Meteo cache matched to observation date and location. Overpass assumed 10:30 local with an interpolated sample at the overpass time.
obs_012,taihu,Taihu Lake,2018-06-13,115.5076462,wiggle,,115.5076462,False,True,31.41425,120.14728,2018-06-13 02:30:00+00:00,3.16,2.0,30000.0,19800.0,,0,,174.52373477836284,era5_cache_matched,data/raw/era5_cache/31p414_120p147_20180603_20180613.json,6.0,False,1.0,3,300.0,12.0,coare35,webb_fox_kemper,Hourly ERA5/Open-Meteo cache matched to observation date and location. Overpass assumed 10:30 local with an interpolated sample at the overpass time.
obs_013,taihu,Taihu Lake,2018-06-18,148.6952771,wiggle,,148.6952771,False,True,31.39743,120.2383,2018-06-18 02:30:00+00:00,4.39,2.0,30000.0,19800.0,,0,,131.96353872548264,era5_cache_matched,data/raw/era5_cache/31p397_120p238_20180608_20180618.json,6.0,False,1.0,3,300.0,12.0,coare35,webb_fox_kemper,Hourly ERA5/Open-Meteo cache matched to observation date and location. Overpass assumed 10:30 local with an interpolated sample at the overpass time.
obs_014,taihu,Taihu Lake,2018-08-07,147.7419404,wiggle,,147.7419404,False,True,31.38602,120.14593,2018-08-07 02:30:00+00:00,2.0949999999999998,2.0,30000.0,19800.0,,0,,130.13616238510974,era5_cache_matched,data/raw/era5_cache/31p386_120p146_20180728_20180807.json,6.0,False,1.0,3,300.0,12.0,coare35,webb_fox_kemper,Hourly ERA5/Open-Meteo cache matched to observation date and location. Overpass assumed 10:30 local with an interpolated sample at the overpass time.
obs_015,taihu,Taihu Lake,2018-08-07,197.885081,wiggle,,197.885081,False,True,31.30626,119.97152,2018-08-07 02:30:00+00:00,2.36,2.0,30000.0,19800.0,,0,,126.05086810636107,era5_cache_matched,data/raw/era5_cache/31p306_119p972_20180728_20180807.json,6.0,False,1.0,3,300.0,12.0,coare35,webb_fox_kemper,Hourly ERA5/Open-Meteo cache matched to observation date and location. Overpass assumed 10:30 local with an interpolated sample at the overpass time.
obs_016,prairie,Prairie Lakes,2018-08-12,41.34629574,manual,41.34629574,,True,False,48.04927,-98.8547,2018-08-12 16:30:00+00:00,5.175,3.5,12000.0,19800.0,,0,,169.95844989451552,era5_cache_matched,data/raw/era5_cache/48p049_98p855_20180802_20180812.json,6.0,False,1.0,3,300.0,12.0,coare35,webb_fox_kemper,Hourly ERA5/Open-Meteo cache matched to observation date and location. Overpass assumed 10:30 local with an interpolated sample at the overpass time.
obs_017,taihu,Taihu Lake,2018-08-27,148.4256036,wiggle,,148.4256036,False,True,31.38465,120.14425,2018-08-27 02:30:00+00:00,4.335,2.0,30000.0,19800.0,,0,,129.03114502794836,era5_cache_matched,data/raw/era5_cache/31p385_120p144_20180817_20180827.json,6.0,False,1.0,3,300.0,12.0,coare35,webb_fox_kemper,Hourly ERA5/Open-Meteo cache matched to observation date and location. Overpass assumed 10:30 local with an interpolated sample at the overpass time.
obs_018,prairie,Prairie Lakes,2018-09-01,118.7082602,wiggle,,118.7082602,False,True,48.02538,-98.92961,2018-09-01 16:30:00+00:00,1.9899999999999998,3.5,12000.0,0.0,2018-09-01 16:30:00+00:00,7,low_wind_shutdown,165.52805776408343,era5_cache_matched,data/raw/era5_cache/48p025_98p930_20180822_20180901.json,6.0,False,1.0,3,300.0,12.0,coare35,webb_fox_kemper,Hourly ERA5/Open-Meteo cache matched to observation date and location. Overpass assumed 10:30 local with an interpolated sample at the overpass time.
obs_019,taihu,Taihu Lake,2018-10-11,38.21719311,manual,38.21719311,125.875616,True,True,31.32474,120.00474,2018-10-11 02:30:00+00:00,3.935,2.0,30000.0,19800.0,,0,,27.517154183356638,era5_cache_matched,data/raw/era5_cache/31p325_120p005_20181001_20181011.json,6.0,False,1.0,3,300.0,12.0,coare35,webb_fox_kemper,Hourly ERA5/Open-Meteo cache matched to observation date and location. Overpass assumed 10:30 local with an interpolated sample at the overpass time.
obs_020,taihu,Taihu Lake,2019-05-24,111.5705296,wiggle,,111.5705296,False,True,31.38457,120.15229,2019-05-24 02:30:00+00:00,5.1899999999999995,2.0,30000.0,19800.0,,0,,163.02505071164012,era5_cache_matched,data/raw/era5_cache/31p385_120p152_20190514_20190524.json,6.0,False,1.0,3,300.0,12.0,coare35,webb_fox_kemper,Hourly ERA5/Open-Meteo cache matched to observation date and location. Overpass assumed 10:30 local with an interpolated sample at the overpass time.
obs_021,taihu,Taihu Lake,2019-05-29,179.0578665,wiggle,,179.0578665,False,True,31.36097,120.17958,2019-05-29 02:30:00+00:00,1.53,2.0,30000.0,0.0,2019-05-29 02:30:00+00:00,6,low_wind_shutdown,189.72448445284584,era5_cache_matched,data/raw/era5_cache/31p361_120p180_20190519_20190529.json,6.0,False,1.0,3,300.0,12.0,coare35,webb_fox_kemper,Hourly ERA5/Open-Meteo cache matched to observation date and location. Overpass assumed 10:30 local with an interpolated sample at the overpass time.
obs_022,taihu,Taihu Lake,2019-11-05,78.84174563,wiggle,,78.84174563,False,True,31.3318,120.00427,2019-11-05 02:30:00+00:00,2.52,2.0,30000.0,19800.0,,0,,20.880843641365743,era5_cache_matched,data/raw/era5_cache/31p332_120p004_20191026_20191105.json,6.0,False,1.0,3,300.0,12.0,coare35,webb_fox_kemper,Hourly ERA5/Open-Meteo cache matched to observation date and location. Overpass assumed 10:30 local with an interpolated sample at the overpass time.
obs_023,taihu,Taihu Lake,2019-12-10,240.0385851,wiggle,,240.0385851,False,True,31.27468,120.03466,2019-12-10 02:30:00+00:00,1.21,2.0,30000.0,0.0,2019-12-10 02:30:00+00:00,6,low_wind_shutdown,218.47103834958577,era5_cache_matched,data/raw/era5_cache/31p275_120p035_20191130_20191210.json,6.0,False,1.0,3,300.0,12.0,coare35,webb_fox_kemper,Hourly ERA5/Open-Meteo cache matched to observation date and location. Overpass assumed 10:30 local with an interpolated sample at the overpass time.
obs_024,neagh,Lough Neagh,2020-04-20,74.96224053,manual,74.96224053,,True,False,54.69614,-6.47065,2020-04-20 10:30:00+00:00,5.24,9.0,15000.0,19800.0,,0,,103.0,era5_cache_matched,data/raw/era5_cache/54p696_6p471_20200410_20200420.json,6.0,False,1.0,3,300.0,12.0,coare35,webb_fox_kemper,Hourly ERA5/Open-Meteo cache matched to observation date and location. Overpass assumed 10:30 local with an interpolated sample at the overpass time.
obs_025,taihu,Taihu Lake,2020-05-03,110.0430083,wiggle,,110.0430083,False,True,31.24797,120.19523,2020-05-03 02:30:00+00:00,3.935,2.0,30000.0,19800.0,,0,,244.50571806127073,era5_cache_matched,data/raw/era5_cache/31p248_120p195_20200423_20200503.json,6.0,False,1.0,3,300.0,12.0,coare35,webb_fox_kemper,Hourly ERA5/Open-Meteo cache matched to observation date and location. Overpass assumed 10:30 local with an interpolated sample at the overpass time.
obs_026,taihu,Taihu Lake,2020-08-11,212.1271591,manual,212.1271591,300.5653587,True,True,31.23357,120.13801,2020-08-11 02:30:00+00:00,2.62,2.0,30000.0,12600.0,2020-08-10 23:00:00+00:00,3,low_wind_shutdown,145.0152687256159,era5_cache_matched,data/raw/era5_cache/31p234_120p138_20200801_20200811.json,6.0,False,1.0,3,300.0,12.0,coare35,webb_fox_kemper,Hourly ERA5/Open-Meteo cache matched to observation date and location. Overpass assumed 10:30 local with an interpolated sample at the overpass time.
obs_027,taihu,Taihu Lake,2020-10-10,42.44398558,manual,42.44398558,,True,False,31.3164,119.95491,2020-10-10 02:30:00+00:00,2.49,2.0,30000.0,19800.0,,0,,32.04560395609184,era5_cache_matched,data/raw/era5_cache/31p316_119p955_20200930_20201010.json,6.0,False,1.0,3,300.0,12.0,coare35,webb_fox_kemper,Hourly ERA5/Open-Meteo cache matched to observation date and location. Overpass assumed 10:30 local with an interpolated sample at the overpass time.
obs_028,taihu,Taihu Lake,2020-10-20,94.03664409,wiggle,,94.03664409,False,True,31.20663,120.26347,2020-10-20 02:30:00+00:00,3.7350000000000003,2.0,30000.0,19800.0,,0,,50.98794078505125,era5_cache_matched,data/raw/era5_cache/31p207_120p263_20201010_20201020.json,6.0,False,1.0,3,300.0,12.0,coare35,webb_fox_kemper,Hourly ERA5/Open-Meteo cache matched to observation date and location. Overpass assumed 10:30 local with an interpolated sample at the overpass time.
obs_029,neagh,Lough Neagh,2020-11-13,99.70918716,manual,99.70918716,,True,False,54.62757,-6.47327,2020-11-13 10:30:00+00:00,5.52,9.0,15000.0,19800.0,,0,,213.26097376597463,era5_cache_matched,data/raw/era5_cache/54p628_6p473_20201103_20201113.json,6.0,False,1.0,3,300.0,12.0,coare35,webb_fox_kemper,Hourly ERA5/Open-Meteo cache matched to observation date and location. Overpass assumed 10:30 local with an interpolated sample at the overpass time.
obs_030,neagh,Lough Neagh,2021-01-22,76.38345592,manual,76.38345592,,True,False,54.62495,-6.32666,2021-01-22 10:30:00+00:00,3.4699999999999998,9.0,15000.0,19800.0,,0,,254.9798250415814,era5_cache_matched,data/raw/era5_cache/54p625_6p327_20210112_20210122.json,6.0,False,1.0,3,300.0,12.0,coare35,webb_fox_kemper,Hourly ERA5/Open-Meteo cache matched to observation date and location. Overpass assumed 10:30 local with an interpolated sample at the overpass time.
obs_031,neagh,Lough Neagh,2021-02-09,52.64559171,manual,52.64559171,,True,False,54.55048,-6.44421,2021-02-09 10:30:00+00:00,6.135,9.0,15000.0,19800.0,,0,,77.07101077809625,era5_cache_matched,data/raw/era5_cache/54p550_6p444_20210130_20210209.json,6.0,False,1.0,3,300.0,12.0,coare35,webb_fox_kemper,Hourly ERA5/Open-Meteo cache matched to observation date and location. Overpass assumed 10:30 local with an interpolated sample at the overpass time.
obs_032,neagh,Lough Neagh,2021-02-21,47.17957738,manual,47.17957738,,True,False,54.58469,-6.36237,2021-02-21 10:30:00+00:00,5.705,9.0,15000.0,19800.0,,0,,189.78634754000888,era5_cache_matched,data/raw/era5_cache/54p585_6p362_20210211_20210221.json,6.0,False,1.0,3,300.0,12.0,coare35,webb_fox_kemper,Hourly ERA5/Open-Meteo cache matched to observation date and location. Overpass assumed 10:30 local with an interpolated sample at the overpass time.
obs_033,neagh,Lough Neagh,2021-03-26,43.47822366,manual,43.47822366,,True,False,54.66049,-6.32452,2021-03-26 10:30:00+00:00,6.1,9.0,15000.0,19800.0,,0,,232.4606467527175,era5_cache_matched,data/raw/era5_cache/54p660_6p325_20210316_20210326.json,6.0,False,1.0,3,300.0,12.0,coare35,webb_fox_kemper,Hourly ERA5/Open-Meteo cache matched to observation date and location. Overpass assumed 10:30 local with an interpolated sample at the overpass time.
obs_034,erie,Lake Erie Region,2021-05-14,406.7357008,wiggle,,406.7357008,False,True,41.85671,-83.129,2021-05-14 15:30:00+00:00,1.575,7.0,25000.0,0.0,2021-05-14 15:30:00+00:00,3,low_wind_shutdown,213.04434617012237,era5_cache_matched,data/raw/era5_cache/41p857_83p129_20210504_20210514.json,6.0,False,1.0,3,300.0,12.0,coare35,webb_fox_kemper,Hourly ERA5/Open-Meteo cache matched to observation date and location. Overpass assumed 10:30 local with an interpolated sample at the overpass time.
obs_035,taihu,Taihu Lake,2021-07-07,150.0154346,wiggle,,150.0154346,False,True,31.30319,120.12571,2021-07-07 02:30:00+00:00,3.365,2.0,30000.0,12600.0,2021-07-06 23:00:00+00:00,1,low_wind_shutdown,247.12938996196146,era5_cache_matched,data/raw/era5_cache/31p303_120p126_20210627_20210707.json,6.0,False,1.0,3,300.0,12.0,coare35,webb_fox_kemper,Hourly ERA5/Open-Meteo cache matched to observation date and location. Overpass assumed 10:30 local with an interpolated sample at the overpass time.
obs_036,prairie,Prairie Lakes,2021-08-13,100.4628601,manual,100.4628601,,True,False,48.04819,-99.17419,2021-08-13 16:30:00+00:00,4.02,3.5,12000.0,19800.0,,0,,302.0,era5_cache_matched,data/raw/era5_cache/48p048_99p174_20210803_20210813.json,6.0,False,1.0,3,300.0,12.0,coare35,webb_fox_kemper,Hourly ERA5/Open-Meteo cache matched to observation date and location. Overpass assumed 10:30 local with an interpolated sample at the overpass time.
obs_037,taihu,Taihu Lake,2021-10-10,185.1798507,wiggle,,185.1798507,False,True,31.34447,120.09894,2021-10-10 02:30:00+00:00,1.63,2.0,30000.0,0.0,2021-10-10 02:30:00+00:00,4,low_wind_shutdown,53.867727351763165,era5_cache_matched,data/raw/era5_cache/31p344_120p099_20210930_20211010.json,6.0,False,1.0,3,300.0,12.0,coare35,webb_fox_kemper,Hourly ERA5/Open-Meteo cache matched to observation date and location. Overpass assumed 10:30 local with an interpolated sample at the overpass time.
obs_038,taihu,Taihu Lake,2021-10-30,69.86280218,wiggle,,69.86280218,False,True,31.282,120.03636,2021-10-30 02:30:00+00:00,0.98,2.0,30000.0,0.0,2021-10-30 02:30:00+00:00,7,low_wind_shutdown,301.99422778573864,era5_cache_matched,data/raw/era5_cache/31p282_120p036_20211020_20211030.json,6.0,False,1.0,3,300.0,12.0,coare35,webb_fox_kemper,Hourly ERA5/Open-Meteo cache matched to observation date and location. Overpass assumed 10:30 local with an interpolated sample at the overpass time.
obs_039,prairie,Prairie Lakes,2022-07-22,63.17308753,manual,63.17308753,,True,False,48.07822,-99.20752,2022-07-22 16:30:00+00:00,3.63,3.5,12000.0,19800.0,,0,,267.0385831593596,era5_cache_matched,data/raw/era5_cache/48p078_99p208_20220712_20220722.json,6.0,False,1.0,3,300.0,12.0,coare35,webb_fox_kemper,Hourly ERA5/Open-Meteo cache matched to observation date and location. Overpass assumed 10:30 local with an interpolated sample at the overpass time.
obs_040,prairie,Prairie Lakes,2022-07-27,52.46092535,manual,52.46092535,,True,False,48.02176,-98.98111,2022-07-27 16:30:00+00:00,7.16,3.5,12000.0,19800.0,,0,,308.5524075501516,era5_cache_matched,data/raw/era5_cache/48p022_98p981_20220717_20220727.json,6.0,False,1.0,3,300.0,12.0,coare35,webb_fox_kemper,Hourly ERA5/Open-Meteo cache matched to observation date and location. Overpass assumed 10:30 local with an interpolated sample at the overpass time.
obs_041,neagh,Lough Neagh,2022-09-24,53.37615632,manual,53.37615632,,True,False,54.58103,-6.35173,2022-09-24 10:30:00+00:00,5.085,9.0,15000.0,0.0,2022-09-24 10:30:00+00:00,1,direction_change,5.627493712825753,era5_cache_matched,data/raw/era5_cache/54p581_6p352_20220914_20220924.json,6.0,False,1.0,3,300.0,12.0,coare35,webb_fox_kemper,Hourly ERA5/Open-Meteo cache matched to observation date and location. Overpass assumed 10:30 local with an interpolated sample at the overpass time.
obs_042,neagh,Lough Neagh,2022-10-07,43.35428673,manual,43.35428673,,True,False,54.55463,-6.50828,2022-10-07 10:30:00+00:00,5.645,9.0,15000.0,19800.0,,0,,247.04872061299878,era5_cache_matched,data/raw/era5_cache/54p555_6p508_20220927_20221007.json,6.0,False,1.0,3,300.0,12.0,coare35,webb_fox_kemper,Hourly ERA5/Open-Meteo cache matched to observation date and location. Overpass assumed 10:30 local with an interpolated sample at the overpass time.
obs_043,neagh,Lough Neagh,2022-11-03,53.46002757,manual,53.46002757,,True,False,54.62875,-6.38559,2022-11-03 10:30:00+00:00,2.865,9.0,15000.0,19800.0,,0,,189.34946671911024,era5_cache_matched,data/raw/era5_cache/54p629_6p386_20221024_20221103.json,6.0,False,1.0,3,300.0,12.0,coare35,webb_fox_kemper,Hourly ERA5/Open-Meteo cache matched to observation date and location. Overpass assumed 10:30 local with an interpolated sample at the overpass time.
obs_044,neagh,Lough Neagh,2022-11-08,49.45643707,manual,49.45643707,,True,False,54.51776,-6.53754,2022-11-08 10:30:00+00:00,4.96,9.0,15000.0,19800.0,,0,,183.56352255171547,era5_cache_matched,data/raw/era5_cache/54p518_6p538_20221029_20221108.json,6.0,False,1.0,3,300.0,12.0,coare35,webb_fox_kemper,Hourly ERA5/Open-Meteo cache matched to observation date and location. Overpass assumed 10:30 local with an interpolated sample at the overpass time.
obs_045,neagh,Lough Neagh,2022-11-16,78.83919333,manual,78.83919333,,True,False,54.6221,-6.44889,2022-11-16 10:30:00+00:00,1.6949999999999998,9.0,15000.0,0.0,2022-11-16 10:30:00+00:00,3,low_wind_shutdown,174.83624431889552,era5_cache_matched,data/raw/era5_cache/54p622_6p449_20221106_20221116.json,6.0,False,1.0,3,300.0,12.0,coare35,webb_fox_kemper,Hourly ERA5/Open-Meteo cache matched to observation date and location. Overpass assumed 10:30 local with an interpolated sample at the overpass time.
obs_046,neagh,Lough Neagh,2022-12-08,79.91778623,manual,79.91778623,,True,False,54.66917,-6.40884,2022-12-08 10:30:00+00:00,2.44,9.0,15000.0,19800.0,,0,,322.02460015474935,era5_cache_matched,data/raw/era5_cache/54p669_6p409_20221128_20221208.json,6.0,False,1.0,3,300.0,12.0,coare35,webb_fox_kemper,Hourly ERA5/Open-Meteo cache matched to observation date and location. Overpass assumed 10:30 local with an interpolated sample at the overpass time.
obs_047,neagh,Lough Neagh,2023-02-26,56.36417221,manual,56.36417221,,True,False,54.5709,-6.44309,2023-02-26 10:30:00+00:00,2.96,9.0,15000.0,19800.0,,0,,80.22065790610873,era5_cache_matched,data/raw/era5_cache/54p571_6p443_20230216_20230226.json,6.0,False,1.0,3,300.0,12.0,coare35,webb_fox_kemper,Hourly ERA5/Open-Meteo cache matched to observation date and location. Overpass assumed 10:30 local with an interpolated sample at the overpass time.
obs_048,neagh,Lough Neagh,2023-03-08,49.19757739,manual,49.19757739,,True,False,54.54805,-6.43825,2023-03-08 10:30:00+00:00,4.0649999999999995,9.0,15000.0,19800.0,,0,,63.52154294440129,era5_cache_matched,data/raw/era5_cache/54p548_6p438_20230226_20230308.json,6.0,False,1.0,3,300.0,12.0,coare35,webb_fox_kemper,Hourly ERA5/Open-Meteo cache matched to observation date and location. Overpass assumed 10:30 local with an interpolated sample at the overpass time.
obs_049,neagh,Lough Neagh,2023-04-20,37.24675827,manual,37.24675827,,True,False,54.53051,-6.50678,2023-04-20 10:30:00+00:00,5.484999999999999,9.0,15000.0,19800.0,,0,,102.9954416520082,era5_cache_matched,data/raw/era5_cache/54p531_6p507_20230410_20230420.json,6.0,False,1.0,3,300.0,12.0,coare35,webb_fox_kemper,Hourly ERA5/Open-Meteo cache matched to observation date and location. Overpass assumed 10:30 local with an interpolated sample at the overpass time.
obs_050,prairie,Prairie Lakes,2023-07-07,76.61044046,manual,76.61044046,,True,False,48.06041,-99.19042,2023-07-07 16:30:00+00:00,5.535,3.5,12000.0,12600.0,2023-07-07 13:00:00+00:00,1,direction_change,20.02258585139367,era5_cache_matched,data/raw/era5_cache/48p060_99p190_20230627_20230707.json,6.0,False,1.0,3,300.0,12.0,coare35,webb_fox_kemper,Hourly ERA5/Open-Meteo cache matched to observation date and location. Overpass assumed 10:30 local with an interpolated sample at the overpass time.
obs_051,neagh,Lough Neagh,2023-08-05,39.32672674,manual,39.32672674,,True,False,54.65643,-6.49987,2023-08-05 10:30:00+00:00,3.99,9.0,15000.0,5400.0,2023-08-05 09:00:00+00:00,1,direction_change,348.83933831786214,era5_cache_matched,data/raw/era5_cache/54p656_6p500_20230726_20230805.json,6.0,False,1.0,3,300.0,12.0,coare35,webb_fox_kemper,Hourly ERA5/Open-Meteo cache matched to observation date and location. Overpass assumed 10:30 local with an interpolated sample at the overpass time.
obs_052,erie,Lake Erie Region,2023-09-01,517.7878724,wiggle,,517.7878724,False,True,41.88848,-83.07853,2023-09-01 15:30:00+00:00,3.0300000000000002,7.0,25000.0,19800.0,,0,,127.96698329228116,era5_cache_matched,data/raw/era5_cache/41p888_83p079_20230822_20230901.json,6.0,False,1.0,3,300.0,12.0,coare35,webb_fox_kemper,Hourly ERA5/Open-Meteo cache matched to observation date and location. Overpass assumed 10:30 local with an interpolated sample at the overpass time.
obs_053,erie,Lake Erie Region,2023-09-01,38.0,wiggle,,38.0,False,True,41.82516,-81.14961,2023-09-01 15:30:00+00:00,2.42,7.0,25000.0,19800.0,,0,,113.19770270736853,era5_cache_matched,data/raw/era5_cache/41p825_81p150_20230822_20230901.json,6.0,False,1.0,3,300.0,12.0,coare35,webb_fox_kemper,Hourly ERA5/Open-Meteo cache matched to observation date and location. Overpass assumed 10:30 local with an interpolated sample at the overpass time.
obs_054,prairie,Prairie Lakes,2023-09-17,82.91286298,manual,82.91286298,,True,False,48.01485,-98.97592,2023-09-17 16:30:00+00:00,4.4,3.5,12000.0,19800.0,,0,,164.49318164513068,era5_cache_matched,data/raw/era5_cache/48p015_98p976_20230907_20230917.json,6.0,False,1.0,3,300.0,12.0,coare35,webb_fox_kemper,Hourly ERA5/Open-Meteo cache matched to observation date and location. Overpass assumed 10:30 local with an interpolated sample at the overpass time.
obs_055,neagh,Lough Neagh,2023-09-22,43.77557268,manual,43.77557268,,True,False,54.6477,-6.48795,2023-09-22 10:30:00+00:00,5.635,9.0,15000.0,19800.0,,0,,312.0088767200231,era5_cache_matched,data/raw/era5_cache/54p648_6p488_20230912_20230922.json,6.0,False,1.0,3,300.0,12.0,coare35,webb_fox_kemper,Hourly ERA5/Open-Meteo cache matched to observation date and location. Overpass assumed 10:30 local with an interpolated sample at the overpass time.
obs_056,neagh,Lough Neagh,2023-10-12,48.91934722,manual,48.91934722,,True,False,54.55024,-6.45712,2023-10-12 10:30:00+00:00,1.9049999999999998,9.0,15000.0,0.0,2023-10-12 10:30:00+00:00,7,low_wind_shutdown,234.91700392114734,era5_cache_matched,data/raw/era5_cache/54p550_6p457_20231002_20231012.json,6.0,False,1.0,3,300.0,12.0,coare35,webb_fox_kemper,Hourly ERA5/Open-Meteo cache matched to observation date and location. Overpass assumed 10:30 local with an interpolated sample at the overpass time.
obs_057,neagh,Lough Neagh,2023-10-14,47.62729888,manual,47.62729888,,True,False,54.61354,-6.46126,2023-10-14 10:30:00+00:00,4.535,9.0,15000.0,19800.0,,0,,281.59480837459415,era5_cache_matched,data/raw/era5_cache/54p614_6p461_20231004_20231014.json,6.0,False,1.0,3,300.0,12.0,coare35,webb_fox_kemper,Hourly ERA5/Open-Meteo cache matched to observation date and location. Overpass assumed 10:30 local with an interpolated sample at the overpass time.
obs_058,neagh,Lough Neagh,2023-12-13,145.2011897,manual,145.2011897,,True,False,54.55837,-6.42323,2023-12-13 10:30:00+00:00,2.855,9.0,15000.0,19800.0,,0,,327.4132902377854,era5_cache_matched,data/raw/era5_cache/54p558_6p423_20231203_20231213.json,6.0,False,1.0,3,300.0,12.0,coare35,webb_fox_kemper,Hourly ERA5/Open-Meteo cache matched to observation date and location. Overpass assumed 10:30 local with an interpolated sample at the overpass time.
obs_059,neagh,Lough Neagh,2024-01-30,41.35939644,manual,41.35939644,342.9462524,True,True,54.6119,-6.35649,2024-01-30 10:30:00+00:00,2.9699999999999998,9.0,15000.0,16200.0,2024-01-30 06:00:00+00:00,1,low_wind_shutdown,246.16877833926458,era5_cache_matched,data/raw/era5_cache/54p612_6p356_20240120_20240130.json,6.0,False,1.0,3,300.0,12.0,coare35,webb_fox_kemper,Hourly ERA5/Open-Meteo cache matched to observation date and location. Overpass assumed 10:30 local with an interpolated sample at the overpass time.
obs_060,neagh,Lough Neagh,2024-02-29,37.8473114,manual,37.8473114,,True,False,54.55904,-6.46704,2024-02-29 10:30:00+00:00,6.1899999999999995,9.0,15000.0,19800.0,,0,,223.54120488369728,era5_cache_matched,data/raw/era5_cache/54p559_6p467_20240219_20240229.json,6.0,False,1.0,3,300.0,12.0,coare35,webb_fox_kemper,Hourly ERA5/Open-Meteo cache matched to observation date and location. Overpass assumed 10:30 local with an interpolated sample at the overpass time.
obs_061,neagh,Lough Neagh,2024-03-20,67.69346434,manual,67.69346434,,True,False,54.52098,-6.39159,2024-03-20 10:30:00+00:00,4.025,9.0,15000.0,19800.0,,0,,2.172057456794221,era5_cache_matched,data/raw/era5_cache/54p521_6p392_20240310_20240320.json,6.0,False,1.0,3,300.0,12.0,coare35,webb_fox_kemper,Hourly ERA5/Open-Meteo cache matched to observation date and location. Overpass assumed 10:30 local with an interpolated sample at the overpass time.
obs_062,neagh,Lough Neagh,2024-03-22,40.72962664,manual,40.72962664,,True,False,54.59297,-6.35177,2024-03-22 10:30:00+00:00,7.765000000000001,9.0,15000.0,19800.0,,0,,263.0238272731956,era5_cache_matched,data/raw/era5_cache/54p593_6p352_20240312_20240322.json,6.0,False,1.0,3,300.0,12.0,coare35,webb_fox_kemper,Hourly ERA5/Open-Meteo cache matched to observation date and location. Overpass assumed 10:30 local with an interpolated sample at the overpass time.
obs_063,neagh,Lough Neagh,2024-03-30,78.44640948,manual,78.44640948,,True,False,54.64078,-6.39795,2024-03-30 10:30:00+00:00,3.665,9.0,15000.0,19800.0,,0,,175.92894322116433,era5_cache_matched,data/raw/era5_cache/54p641_6p398_20240320_20240330.json,6.0,False,1.0,3,300.0,12.0,coare35,webb_fox_kemper,Hourly ERA5/Open-Meteo cache matched to observation date and location. Overpass assumed 10:30 local with an interpolated sample at the overpass time.
obs_064,prairie,Prairie Lakes,2024-06-23,43.24604302,manual,43.24604302,52.33482851,True,True,48.15226,-99.15923,2024-06-23 16:30:00+00:00,2.965,3.5,12000.0,19800.0,,0,,354.0,era5_cache_matched,data/raw/era5_cache/48p152_99p159_20240613_20240623.json,6.0,False,1.0,3,300.0,12.0,coare35,webb_fox_kemper,Hourly ERA5/Open-Meteo cache matched to observation date and location. Overpass assumed 10:30 local with an interpolated sample at the overpass time.
obs_065,prairie,Prairie Lakes,2024-07-18,334.7000556,manual,334.7000556,,True,False,48.08915,-99.20817,2024-07-18 16:30:00+00:00,3.2,3.5,12000.0,19800.0,,0,,182.0312531703851,era5_cache_matched,data/raw/era5_cache/48p089_99p208_20240708_20240718.json,6.0,False,1.0,3,300.0,12.0,coare35,webb_fox_kemper,Hourly ERA5/Open-Meteo cache matched to observation date and location. Overpass assumed 10:30 local with an interpolated sample at the overpass time.
obs_066,prairie,Prairie Lakes,2024-07-21,106.3726971,wiggle,,106.3726971,False,True,48.00003,-98.96508,2024-07-21 16:30:00+00:00,2.755,3.5,12000.0,0.0,2024-07-21 16:30:00+00:00,1,direction_change,98.75741396234218,era5_cache_matched,data/raw/era5_cache/48p000_98p965_20240711_20240721.json,6.0,False,1.0,3,300.0,12.0,coare35,webb_fox_kemper,Hourly ERA5/Open-Meteo cache matched to observation date and location. Overpass assumed 10:30 local with an interpolated sample at the overpass time.
obs_067,neagh,Lough Neagh,2024-08-14,207.3406028,wiggle,,207.3406028,False,True,54.66882,-6.31636,2024-08-14 10:30:00+00:00,3.91,9.0,15000.0,12600.0,2024-08-14 07:00:00+00:00,3,low_wind_shutdown,191.6663455216596,era5_cache_matched,data/raw/era5_cache/54p669_6p316_20240804_20240814.json,6.0,False,1.0,3,300.0,12.0,coare35,webb_fox_kemper,Hourly ERA5/Open-Meteo cache matched to observation date and location. Overpass assumed 10:30 local with an interpolated sample at the overpass time.
